,ID,context,answer,references
0,1,"methodfor acquiring knowledge is one based on observation, including experimentation, rather than a method based only on forms of logical argument or previous authorities. It was not until the late 1800s that psychology became accepted as its own academic discipline. Before this time, the workings of the mind were considered under the auspices of philosophy. Given that any behavior is, at its roots, biological, some areas of psychology take on aspects of a natural science like biology. No biological organism exists in isolation, and our behavior is influenced by our interactions with others. Therefore, psychology is also a social science. WHY STUDY PSYCHOLOGY? Often, students take their first psychology course because they are interested in helping others and want to learn more about","The scientific method in psychology is based on observation, including experimentation, rather than a method based only on forms of logical argument or previous authorities.","{'page': 1, 'sections': 'what is psychology?'}"
1,2,"3.2 • Cells of the Nervous System 79 the other hand, serve as interconnected information processors that are essential for all of the tasks of the nervous system. This section briefly describes the structure and function of neurons. Neuron Structure Neuronsare the central building blocks of the nervous system, 100 billion strong at birth. Like all cells, neurons consist of several different parts, each serving a specialized function (Figure 3.8). A neuron’s outer surface is made up of asemipermeable membrane. This membrane allows smaller molecules and molecules without an electrical charge to pass through it, while stopping larger or highly charged molecules. FIGURE3.8This illustration shows a prototypical neuron, which is being myelinated by a glial cell. The nucleus of the neuron is","A neuron’s basic parts are asemipermeable membrane, nucleus, cell body, and various extensions called dendrites and axons. The nucleus of the neuron is not visible in the illustration.","{'page': 72, 'sections': 'cells of the nervous system'}"
2,3,"(also, somnambulism) sleep disorder in which the sleeper engages in relatively complex behaviors stage 1 sleep first stage of sleep; transitional phase that occurs between wakefulness and sleep; the period during which a person drifts off to sleep stage 2 sleep second stage of sleep; the body goes into deep relaxation; characterized by the appearance of sleep spindles stage 3 sleep third stage of sleep; deep sleep characterized by low frequency, high amplitude delta waves stimulant drug that tends to increase overall levels of neural activity; includes caffeine, nicotine, amphetamines, and cocaine sudden infant death syndrome (SIDS) infant (one year old or younger) with no apparent medical condition suddenly dies during sleep suprachiasmatic nucleus (SCN) area of the hypothalamus in which","The stages of sleep are stage 1, stage 2, and stage 3. Stage 1 is the transitional phase that occurs between wakefulness and sleep, the period during which a person drifts off to sleep. Stage 2 is the body going into deep relaxation, characterized by the appearance of sleep spindles. Stage 3 is deep sleep characterized by low frequency, high amplitude delta waves.","{'page': 131, 'sections': 'learning'}"
3,4,"• Define operant conditioning • Explain the difference between reinforcement and punishment • Distinguish between reinforcement schedules The previous section of this chapter focused on the type of associative learning known as classical conditioning. Remember that in classical conditioning, something in the environment triggers a reflex automatically, and researchers train the organism to react to a different stimulus. Now we turn to the second type of associative learning,operant conditioning. In operant conditioning, organisms learn to associate a behavior and its consequence (Table 6.1). A pleasant consequence makes that behavior more likely to be repeated in the future. For example, Spirit, a dolphin at the National Aquarium in Baltimore, does a flip in the air when her trainer blows","Operant conditioning is a type of associative learning in which an organism learns to associate a behavior with its consequence. A pleasant consequence makes that behavior more likely to be repeated in the future. For example, Spirit, a dolphin at the National Aquarium in Baltimore, does a flip in the air when her trainer blows a whistle.","{'page': 185, 'sections': 'vision'}"
4,5,"222 7 • Thinking and Intelligence linguistic hemisphere) of the brain is less affected by linguistic influences on perception (Regier & Kay, 2009) 7.3Problem Solving LEARNING OBJECTIVES By the end of this section, you will be able to: • Describe problem solving strategies • Define algorithm and heuristic • Explain some common roadblocks to effective problem solving and decision making People face problems every day—usually, multiple problems throughout the day. Sometimes these problems are straightforward: To double a recipe for pizza dough, for example, all that is required is that each ingredient in the recipe be doubled. Sometimes, however, the problems we encounter are more complex. For example, say you have a work deadline, and you must mail a printed copy of a report to your","In psychology, problem-solving refers to the cognitive process of identifying, analyzing, and resolving a situation that presents a challenge or obstacle. It involves applying various strategies and techniques, such as algorithms and heuristics, to arrive at a solution that is both effective and efficient. This process may involve considering multiple possible solutions, evaluating their pros and cons, and ultimately selecting the best approach. Effective problem solving is an important skill in many areas of life, including academics, work, and personal relationships. It can be influenced by various factors, such as cultural background, individual differences, and the context in which the problem arises.","{'page': 215, 'sections': 'learning'}"
5,6,"248 8 • Memory 8.1How Memory Functions LEARNING OBJECTIVES By the end of this section, you will be able to: • Discuss the three basic functions of memory • Describe the three stages of memory storage • Describe and distinguish between procedural and declarative memory and semantic and episodic memory Memory is an information processing system; therefore, we often compare it to a computer.Memoryis the set of processes used to encode, store, and retrieve information over different periods of time (Figure 8.2). FIGURE8.2Encoding involves the input of information into the memory system. Storage is the retention of the encoded information. Retrieval, or getting the information out of memory and back into awareness, is the third function. LINK TO LEARNING Watch thisvideo about the neuroscience","The three stages of memory are encoding, storage, and retrieval.","{'page': 241, 'sections': 'learning'}"
6,7,"10.4 • Emotion 343 FIGURE10.20Toddlers can cycle through emotions quickly, being (a) extremely happy one moment and (b) extremely sad the next. (credit a: modification of work by Kerry Ceszyk; credit b: modification of work by Kerry Ceszyk) We can be at the heights of joy or in the depths of despair. We might feel angry when we are betrayed, fear when we are threatened, and surprised when something unexpected happens. This section will outline some of the most well-known theories explaining our emotional experience and provide insight into the biological bases of emotion. This section closes with a discussion of the ubiquitous nature of facial expressions of emotion and our abilities to recognize those expressions in others. Theories of Emotion Our emotional states are combinations of","Emotions are combinations of physical, cognitive, and behavioral responses.","{'page': 336, 'sections': 'emotion'}"
7,8,"Theorists Trait theorists attempt to explain our personality by identifying our stable characteristics and ways of behaving. They have identified important dimensions of personality. The Five Factor Model is the most widely accepted theory today. The five factors are openness, conscientiousness, extroversion, agreeableness, and neuroticism. These factors occur along a continuum. 11.8Cultural Understandings of Personality The culture in which you live is one of the most important environmental factors that shapes your personality. Western ideas about personality may not be applicable to other cultures. In fact, there is evidence that the strength of personality traits varies across cultures. Individualist cultures and collectivist cultures place emphasis on different basic values. People","The major personality traits in the Five Factor Model are openness, conscientiousness, extroversion, agreeableness, and neuroticism.","{'page': 386, 'sections': 'learning'}"
8,9,"12 • Summary 439 Summary 12.1What Is Social Psychology? Social psychology is the subfield of psychology that studies the power of the situation to influence individuals’ thoughts, feelings, and behaviors. Psychologists categorize the causes of human behavior as those due to internal factors, such as personality, or those due to external factors, such as cultural and other social influences. Behavior is better explained, however, by using both approaches. Lay people tend to over-rely on dispositional explanations for behavior and ignore the power of situational influences, a perspective called the fundamental attribution error. People from individualistic cultures are more likely to display this bias versus people from collectivistic cultures. Our explanations for our own and others","Social psychology is the subfield of psychology that studies the power of the situation to influence individuals’ thoughts, feelings, and behaviors. It categorizes the causes of human behavior as those due to internal factors, such as personality, or those due to external factors, such as cultural and other social influences.","{'page': 432, 'sections': 'motivation'}"
9,10,"systems (Sue, 2001). This therapeutic perspective integrates the impact of cultural and social norms, starting at the beginning of treatment. Therapists who use this perspective work with clients to obtain and integrate information about their cultural patterns into a unique treatment approach based on their particular situation (Stewart, Simmons, & Habibpour, 2012). Sociocultural therapy can include individual, group, family, and couples treatment modalities.","The sociocultural model in therapy is an approach that considers the impact of cultural and social norms on a client's situation and treatment. It involves working with clients to obtain and integrate information about their cultural patterns into a unique treatment approach based on their particular situation. This therapeutic perspective can include individual, group, family, and couples treatment modalities (Stewart, Simmons, & Habibpour, 2012).","{'page': 616, 'sections': 'learning'}"
10,11,"and James in the development of psychology • Appreciate Freud’s influence on psychology • Understand the basic tenets of Gestalt psychology • Appreciate the important role that behaviorism played in psychology’s history • Understand basic tenets of humanism • Understand how the cognitive revolution shifted psychology’s focus back to the mind Psychology is a relatively young science with its experimental roots in the 19th century, compared, for example, to human physiology, which dates much earlier. As mentioned, anyone interested in exploring issues related to the mind generally did so in a philosophical context prior to the 19th century. Two 19th century scholars, Wilhelm Wundt and William James, are generally credited as being the founders of psychology as a science and academic","Psychology is a relatively young science with its experimental roots in the 19th century. Its history can be traced back to two 19th century scholars, Wilhelm Wundt and William James.","{'page': 2, 'sections': 'history of psychology'}"
11,12,"in a philosophical context prior to the 19th century. Two 19th century scholars, Wilhelm Wundt and William James, are generally credited as being the founders of psychology as a science and academic discipline that was distinct from philosophy. This section will provide an overview of the shifts in paradigms that have influenced psychology from Wundt and James through today. Wundt and Structuralism WilhelmWundt(1832–1920) was a German scientist who was the first person to be referred to as a psychologist. His famous book entitledPrinciples of Physiological Psychologywas published in 1873. Wundt viewed psychology as a scientific study of conscious experience, and he believed that the goal of psychology was to identify components of consciousness and how those components combined to result",Wilhelm Wundt was a German scientist who was the first person to be referred to as a psychologist. William James was an American philosopher and psychologist who was a contemporary of Wundt.,"{'page': 2, 'sections': 'history of psychology'}"
12,13,"functional psychology (Figure 1.3). They accepted Darwin’s theory of evolution by natural selection and viewed this theory as an explanation of an organism’s characteristics. Key to that theory is the idea that natural selection leads to organisms that are adapted to their environment, including their behavior. Adaptation means that a trait of an organism has a function for the survival and reproduction of the individual, because it has been naturally selected. As James saw it, psychology’s purpose was to study the function of behavior in the world, and as such, his perspective was known asfunctionalism. Functionalism focused on how mental activities helped an organism fit into its environment. Functionalism has a second, more subtle meaning in that functionalists were more interested in","Functionalism in psychology is the idea that the purpose of studying behavior is to understand its function in the world and how it helps an organism fit into its environment. It is based on the theory of evolution by natural selection, which views organisms as being adapted to their environment including their behavior.","{'page': 3, 'sections': 'history of psychology'}"
13,14,"or developed, such as the importance of childhood experiences in adult motivations, the role of unconscious versus conscious motivations in driving our behavior, the fact that motivations can cause conflicts that affect behavior, the effects of mental representations of ourselves and others in guiding our interactions, and the development of personality over time. Westen identifies subsequent research support for all of these ideas. More modern iterations of Freud’s clinical approach have been empirically demonstrated to be effective (Knekt et al., 2008; Shedler, 2010). Some current practices in psychotherapy involve examining unconscious aspects of the self and relationships, often through the relationship between the therapist and the client. Freud’s historical significance and","Sigmund Freud was a pioneering figure in the field of psychology and made significant contributions to our understanding of human behavior. He developed and popularized the theory of psychoanalysis, which has been influential in the field for over a century. Freud's work focused on the unconscious mind and the role that childhood experiences and unconscious motivations play in shaping our behavior. He also emphasized the importance of mental representations of ourselves and others in guiding our interactions. Freud's ideas have been supported by subsequent research and remain influential in the field of psychology today.","{'page': 5, 'sections': 'sensation and perception'}"
14,15,"particular perspective would have directly contradicted Wundt’s ideas of structuralism (Thorne & Henley, 2005). Unfortunately, in moving to the United States, these scientists were forced to abandon much of their work and were unable to continue to conduct research on a large scale. These factors along with the rise of behaviorism (described next) in the United States prevented principles of Gestalt psychology from being as influential in the United States as they had been in their native Germany (Thorne & Henley, 2005). Despite these issues, several Gestalt principles are still very influential today. Considering the human individual as a whole rather than as a sum of individually measured parts became an important foundation in humanistic theory late in the century. The ideas of Gestalt","Gestalt principles are certain foundational ideas in Gestalt psychology, an influential psychological movement that originated in Germany in the early 20th century. These principles include considering the human individual as a whole rather than as a sum of individually measured parts, which became an important foundation in humanistic theory. Additionally, Gestalt psychology emphasizes the importance of understanding the whole situation or context in which behavior occurs, rather than just focusing on individual parts or behaviors.","{'page': 5, 'sections': 'sensation and perception'}"
15,16,"188 6 • Learning General Processes in Classical Conditioning Now that you know how classical conditioning works and have seen several examples, let’s take a look at some of the general processes involved. In classical conditioning, the initial period of learning is known as acquisition, when an organism learns to connect a neutral stimulus and an unconditioned stimulus. During acquisition, the neutral stimulus begins to elicit the conditioned response, and eventually the neutral stimulus becomes a conditioned stimulus capable of eliciting the conditioned response by itself. Timing is important for conditioning to occur. Typically, there should only be a brief interval between presentation of the conditioned stimulus and the unconditioned stimulus. Depending on what is being conditioned,","Classical conditioning is a type of learning in which an organism learns to associate a neutral stimulus with an unconditioned stimulus, in a process known as acquisition. During acquisition, the neutral stimulus begins to elicit the conditioned response, and eventually the neutral stimulus becomes a conditioned stimulus capable of eliciting the conditioned response by itself. Timing is important for conditioning to occur.","{'page': 181, 'sections': 'learning'}"
16,17,"as the father of behaviorism within psychology. Behaviorism dominated experimental psychology for several decades, and its influence can still be felt today (Thorne & Henley, 2005). Behaviorism is largely responsible for establishing psychology as a scientific discipline through its objective methods and especially experimentation. In addition, it is used in behavioral and cognitive-behavioral therapy. Behavior modification is commonly used in classroom settings. Behaviorism has also led to research on environmental influences on human behavior. B. F.Skinner(1904–1990) was an American psychologist (Figure 1.6). Like Watson, Skinner was a behaviorist, and he concentrated on how behavior was affected by its consequences. Therefore, Skinner spoke of reinforcement and punishment as major","Skinner's contributions to behaviorism include his focus on how behavior is affected by its consequences, specifically through the concepts of reinforcement and punishment. He also established behaviorism as a scientific discipline through experimentation, and his work has influenced the development of behavioral and cognitive-behavioral therapy. Additionally, Skinner's research on environmental influences on human behavior has led to new areas of study within psychology.","{'page': 6, 'sections': 'history of psychology'}"
17,18,"need in the domain of interpersonal affection. Maslow’s Hierarchy of Needs While the theories of motivation described earlier relate to basic biological drives, individual characteristics, or social contexts, AbrahamMaslow(1943) proposed ahierarchy of needsthat spans the spectrum of motives ranging from the biological to the individual to the social. These needs are often depicted as a pyramid (Figure 10.8). Access for free at openstax.org","Maslow's hierarchy of needs refers to a model of human motivation that posits that individuals have a range of needs that are arranged in a hierarchy. The needs at the base of the hierarchy are basic biological and physiological needs, such as food, water, and sleep, while the needs at the top of the hierarchy are more advanced, such as self-actualization and social connection.","{'page': 319, 'sections': 'emotion and motivation'}"
18,19,"distress. Cognitive-behavioral therapy explores how our thoughts affect our behavior. Cognitive-behavioral therapy aims to change cognitive distortions and self- defeating behaviors. Humanistic therapy focuses on helping people achieve their potential. One form of humanistic therapy developed by Carl Rogers is known as client-centered or Rogerian therapy. Client-centered therapists use the techniques of active listening, unconditional positive regard, genuineness, and empathy to help clients become more accepting of themselves. Often in combination with psychotherapy, people can be prescribed biologically based treatments such as psychotropic medications and/or other medical procedures such as electro-convulsive therapy. 16.3Treatment Modalities There are several modalities of treatment:","Client-centered therapy, also known as Rogerian therapy, is a form of humanistic therapy that focuses on helping people achieve their potential. It is developed by Carl Rogers and uses the techniques of active listening, unconditional positive regard, genuineness, and empathy to help clients become more accepting of themselves.","{'page': 622, 'sections': 'classical conditioning'}"
19,20,"our previous experiences, and even our cultural backgrounds. Cognitive Psychology As mentioned in the previous section, the cognitive revolution created an impetus for psychologists to focus their attention on better understanding the mind and mental processes that underlie behavior. Thus,cognitive psychologyis the area of psychology that focuses on studying cognitions, or thoughts, and their relationship to our experiences and our actions. Like biological psychology, cognitive psychology is broad in its scope and often involves collaborations among people from a diverse range of disciplinary backgrounds. This has led some to coin the term cognitive science to describe the interdisciplinary nature of this area of research (Miller, 2003). Cognitive psychologists have research interests","Cognitive psychology is the area of psychology that focuses on studying cognitions, or thoughts, and their relationship to our experiences and our actions. It is broad in its scope and often involves collaborations among people from a diverse range of disciplinary backgrounds.","{'page': 14, 'sections': 'contemporary psychology'}"
20,21,"perception, thinking and intelligence, memory, lifespan development, social psychology, and therapy. Developmental Psychology Developmental psychologyis the scientific study of development across a lifespan. Developmental psychologists are interested in processes related to physical maturation. However, their focus is not limited to the physical changes associated with aging, as they also focus on changes in cognitive skills, moral reasoning, social behavior, and other psychological attributes. Early developmental psychologists focused primarily on changes that occurred through reaching adulthood, providing enormous insight into the differences in physical, cognitive, and social capacities that exist between very young children and adults. For instance, research by JeanPiaget(Figure 1.12)","Developmental psychology is the scientific study of development across a lifespan. Developmental psychologists are interested in processes related to physical maturation, cognitive skills, moral reasoning, social behavior, and other psychological attributes. They focus on changes that occur throughout life, not just the physical changes associated with aging. Early developmental psychologists focused primarily on changes that occurred through reaching adulthood, providing insight into the differences in physical, cognitive, and social capacities that exist between very young children and adults.","{'page': 14, 'sections': 'contemporary psychology'}"
21,22,"in which they are introduced throughout the remainder of this textbook. This is not meant to be an exhaustive listing, but it will provide insight into the major areas of research and practice of modern-day psychologists. LINK TO LEARNING Please visit thiswebsite about the divisions within the APA(http://openstax.org/l/biopsychology)to learn more. View thesestudent resources(http://openstax.org/l/studentresource)also provided by the APA. Biopsychology and Evolutionary Psychology As the name suggests,biopsychologyexplores how our biology influences our behavior. While biological psychology is a broad field, many biological psychologists want to understand how the structure and function of the nervous system is related to behavior (Figure 1.10). As such, they often combine the research",Biopsychology is a scientific field that explores how our biology influences our behavior. Biological psychologists want to understand how the structure and function of the nervous system is related to behavior.,"{'page': 12, 'sections': 'contemporary psychology'}"
22,23,"20 1 • Introduction to Psychology sensory and motor systems, sleep, drug use and abuse, ingestive behavior, reproductive behavior, neurodevelopment, plasticity of the nervous system, and biological correlates of psychological disorders. Given the broad areas of interest falling under the purview of biological psychology, it will probably come as no surprise that individuals from all sorts of backgrounds are involved in this research, including biologists, medical professionals, physiologists, and chemists. This interdisciplinary approach is often referred to as neuroscience, of which biological psychology is a component (Carlson, 2013). While biopsychology typically focuses on the immediate causes of behavior based in the physiology of a human or other animal, evolutionary psychology seeks","Evolutionary psychologists are interested in studying how behavior is influenced by evolutionary processes. This includes exploring how the brain and behavior have evolved over time, and how these processes have shaped the ways in which humans and other animals behave. Evolutionary psychologists often use a variety of different approaches to study these topics, including comparative anatomy and behavior, cognitive psychology, and developmental psychology. They may also look at how behavior is influenced by social and cultural factors, as well as by biological factors such as hormones and genetics. Overall, evolutionary psychologists are interested in understanding the underlying mechanisms that drive behavior, and how these mechanisms have evolved over time.","{'page': 13, 'sections': 'biopsychology'}"
23,24,"146 5 • Sensation and Perception 5.1Sensation versus Perception LEARNING OBJECTIVES By the end of this section, you will be able to: • Distinguish between sensation and perception • Describe the concepts of absolute threshold and difference threshold • Discuss the roles attention, motivation, and sensory adaptation play in perception Sensation What does it mean to sense something? Sensory receptors are specialized neurons that respond to specific types of stimuli. When sensory information is detected by a sensory receptor,sensationhas occurred. For example, light that enters the eye causes chemical changes in cells that line the back of the eye. These cells relay messages, in the form of action potentials (as you learned when studying biopsychology), to the central nervous system. The","Sensation is the process of detecting stimuli by sensory receptors, while perception is the process of interpreting and organizing sensory information.","{'page': 139, 'sections': 'biopsychology'}"
24,25,"146 5 • Sensation and Perception 5.1Sensation versus Perception LEARNING OBJECTIVES By the end of this section, you will be able to: • Distinguish between sensation and perception • Describe the concepts of absolute threshold and difference threshold • Discuss the roles attention, motivation, and sensory adaptation play in perception Sensation What does it mean to sense something? Sensory receptors are specialized neurons that respond to specific types of stimuli. When sensory information is detected by a sensory receptor,sensationhas occurred. For example, light that enters the eye causes chemical changes in cells that line the back of the eye. These cells relay messages, in the form of action potentials (as you learned when studying biopsychology), to the central nervous system. The","The answer is that sensation is the detection of a stimulus by a sensory receptor, while perception is the interpretation of sensory information in the brain.","{'page': 139, 'sections': 'biopsychology'}"
25,26,"9.2 • Lifespan Theories 287 Age Developmental Stage Description (years) Task Identity vs. 5 12–18 Experiment with and develop identity and roles confusion Intimacy vs. 6 19–29 Establish intimacy and relationships with others isolation Generativity vs. 7 30–64 Contribute to society and be part of a family stagnation 8 65– Integrity vs. despair Assess and make sense of life and meaning of contributions TABLE9.1 Cognitive Theory of Development JeanPiaget(1896–1980) is another stage theorist who studied childhood development (Figure 9.5). Instead of approaching development from a psychoanalytical or psychosocial perspective, Piaget focused on children’s cognitive growth. He believed that thinking is a central aspect of development and that children are naturally inquisitive. However, he said",Jean Piaget's theories of cognitive development focus on children's cognitive growth and believe that thinking is a central aspect of development. He said that children are naturally inquisitive.,"{'page': 280, 'sections': 'lifespan theories'}"
26,27,"providing enormous insight into the differences in physical, cognitive, and social capacities that exist between very young children and adults. For instance, research by JeanPiaget(Figure 1.12) demonstrated that very young children do not demonstrate object permanence. Object permanence refers to the understanding that physical things continue to exist, even if they are hidden from us. If you were to show an adult a toy, and then hide it behind a curtain, the adult knows that the toy still exists. However, very young infants act as if a hidden object no longer exists. The age at which object permanence is achieved is somewhat controversial (Munakata, McClelland, Johnson, and Siegler, 1997).","Object permanence refers to the understanding that physical things continue to exist, even if they are hidden from us. It is something that is typically achieved by very young children.","{'page': 14, 'sections': 'contemporary psychology'}"
27,28,"3.2 • Cells of the Nervous System 83 Neurotransmitters and Drugs There are several different types ofneurotransmittersreleased by different neurons, and we can speak in broad terms about the kinds of functions associated with different neurotransmitters (Table 3.1). Much of what psychologists know about the functions of neurotransmitters comes from research on the effects of drugs in psychological disorders. Psychologists who take abiological perspectiveand focus on the physiological causes of behavior assert that psychological disorders like depression and schizophrenia are associated with imbalances in one or more neurotransmitter systems. In this perspective, psychotropic medications can help improve the symptoms associated with these disorders.Psychotropic medicationsare drugs that","The role of neurotransmitters in psychology is that they are released by different neurons and are associated with different functions, much of what psychologists know about the functions of neurotransmitters comes from research on the effects of drugs in psychological disorders. Psychologists who take a biological perspective and focus on the physiological causes of behavior assert that psychological disorders like depression and schizophrenia are associated with imbalances in one or more neurotransmitter systems. In this perspective, psychotropic medications can help improve the symptoms associated with these disorders.","{'page': 76, 'sections': 'cells of the nervous system'}"
28,29,"and behavior, and many have proposed that five trait dimensions are sufficient to capture the variations in personality seen across individuals. These five dimensions are known as the “Big Five” or theFive Factor model, and include dimensions of conscientiousness, agreeableness, neuroticism, openness, and extraversion (Figure 1.13). Each of these traits has been demonstrated to be relatively stable over the lifespan (e.g., Rantanen, Metsäpelto, Feldt, Pulkinnen, and Kokko, 2007; Soldz & Vaillant, 1999; McCrae & Costa, 2008) and is influenced by genetics (e.g., Jang, Livesly, and Vernon, 1996). Access for free at openstax.org","The Big Five personality trait model is a theory that proposes that five trait dimensions are sufficient to capture the variations in personality seen across individuals. These five dimensions are known as the “Big Five” and include dimensions of conscientiousness, agreeableness, neuroticism, openness, and extraversion. Each of these traits has been demonstrated to be relatively stable over the lifespan and is influenced by genetics.","{'page': 15, 'sections': 'stages of development'}"
29,30,"538 15 • Psychological Disorders 15.1What Are Psychological Disorders? LEARNING OBJECTIVES By the end of this section, you will be able to: • Understand the problems inherent in defining the concept of psychological disorder • Describe what is meant by harmful dysfunction • Identify the formal criteria that thoughts, feelings, and behaviors must meet to be considered abnormal and, thus, symptomatic of a psychological disorder According to the American Psychiatric Association, apsychological disorder, or mental disorder, is “a syndrome characterized by clinically significant disturbance in an individual's cognition, emotion regulation, or behavior that reflects a dysfunction in the psychological, biological, or developmental processes underlying mental functioning. Mental disorders are","According to the American Psychiatric Association, a psychological disorder, or mental disorder, is “a syndrome characterized by clinically significant disturbance in an individual's cognition, emotion regulation, or behavior that reflects a dysfunction in the psychological, biological, or developmental processes underlying mental functioning. Mental disorders are generally considered to be harmful dysfunctions that impair an individual's ability to function effectively in everyday life.","{'page': 531, 'sections': 'learning'}"
30,31,"Disorders The diagnosis and classification of psychological disorders is essential in studying and treating psychopathology. The classification system used by most U.S. professionals is the DSM-5. The first edition of the DSM was published in 1952, and has undergone numerous revisions. The 5th and most recent edition, the DSM-5, was published in 2013. The diagnostic manual includes a total of 237 specific diagnosable disorders, each described in detail, including its symptoms, prevalence, risk factors, and comorbidity. Over time, the number of diagnosable conditions listed in the DSM has grown steadily, prompting criticism from some. Nevertheless, the diagnostic criteria in the DSM are more explicit than that of any other system, which makes the DSM system highly desirable for both","The DSM-5 is the fifth edition of the Diagnostic and Statistical Manual of Mental Disorders, which is used by most U.S. professionals to diagnose and classify psychological disorders. It was published in 2013 and includes a total of 237 specific diagnosable disorders.","{'page': 584, 'sections': 'vision'}"
31,32,"to determine if there are meaningful differences between the groups. Psychologists report their research findings in peer-reviewed journal articles. Research published in this format is checked by several other psychologists who serve as a filter separating ideas that are supported by evidence from ideas that are not. Replication has an important role in ensuring the legitimacy of published research. In the long run, only those findings that are capable of being replicated consistently will achieve consensus in the scientific community. 2.4Ethics Ethics in research is an evolving field, and some practices that were accepted or tolerated in the past would be considered unethical today. Researchers are expected to adhere to basic ethical guidelines when conducting experiments that involve","Ethics is an important aspect of psychological research as it ensures that the research conducted is done in a responsible and ethical manner. Researchers are expected to adhere to basic ethical guidelines when conducting experiments that involve human subjects. This includes obtaining informed consent from participants, ensuring their privacy and confidentiality, and minimizing any potential harm or discomfort. Ethics also plays a role in determining the validity and reliability of research findings, as unethical practices can lead to biased or inaccurate results. Ultimately, ethical considerations are crucial in maintaining the integrity and credibility of the scientific community.","{'page': 58, 'sections': 'analyzing findings'}"
32,33,"16 1 • Introduction to Psychology LINK TO LEARNING View a briefvideo of Carl Rogers describing his therapeutic approach(http://openstax.org/l/crogers1)to learn more. The Cognitive Revolution Behaviorism’s emphasis on objectivity and focus on external behavior had pulled psychologists’ attention away from the mind for a prolonged period of time. The early work of the humanistic psychologists redirected attention to the individual human as a whole, and as a conscious and self-aware being. By the 1950s, new disciplinary perspectives in linguistics, neuroscience, and computer science were emerging, and these areas revived interest in the mind as a focus of scientific inquiry. This particular perspective has come to be known as the cognitive revolution (Miller, 2003). By 1967, Ulric Neisser","The cognitive revolution in psychology refers to a shift in focus from behavior and the environment to the mental processes and internal experiences of individuals. It emerged in the 1950s and was influenced by new disciplinary perspectives in linguistics, neuroscience, and computer science, which revived interest in the mind as a focus of scientific inquiry. This perspective emphasized the importance of understanding how individuals process and interpret information, how they make decisions, and how they solve problems. The cognitive revolution led to new approaches in psychology, such as cognitive psychology and cognitive-behavioral therapy.","{'page': 9, 'sections': 'history of psychology'}"
33,34,"formed the foundation for the subsequent development of a feminist psychology that attempted to be free of the influence of male cultural biases on our knowledge of the psychology of women. Crawford & Marecek (1989) identify several feminist approaches to psychology that can be described as feminist psychology. These include re-evaluating and discovering the contributions of women to the history of psychology, studying psychological gender differences, and questioning the male bias present across the practice of the scientific approach to knowledge. Multicultural And Cross-Cultural Psychology Culture impacts individuals, groups, and society. An ongoing issue researchers are trying to correct is that certain populations have been over-studied and the results of these studies have been","Feminist psychology is a branch of psychology that attempts to be free of the influence of male cultural biases on our knowledge of the psychology of women. It includes re-evaluating and discovering the contributions of women to the history of psychology, studying psychological gender differences, and questioning the male bias present across the practice of the scientific approach to knowledge.","{'page': 10, 'sections': 'history of psychology'}"
34,35,"References 731 dependence: A meta-analysis of randomized controlled trials.Alcohol and Alcoholism, 36(6), 544–552. Sue, D. W. (2001). Multidimensional facets of cultural competence.Counseling Psychologist, 29(6), 790–821. Sue, D. W. (2004). Multicultural counseling and therapy (MCT). In J. A. Banks and C. Banks (Eds.),Handbook of research on multicultural education(2nd ed., pp. 813–827). Jossey-Bass. Sue, D. W., & Sue, D. (2007).Counseling the culturally different: Theory and practice(5th ed.). Wiley. Sussman, L. K., Robins, L. N., & Earls, F. (1987). Treatment–seeking for depression by Black and White Americans.Social Science & Medicine, 24, 187–196. Szasz, T. S. (1960). The Myth of Mental Illness.American Psychologist, 15, 113–118. Thomas, K. C., & Snowden, L. R. (2002). Minority","Multicultural psychology is a field of study within psychology that examines the impact of culture on psychological development and well-being. It seeks to understand how cultural factors influence psychological processes and how individuals from diverse cultural backgrounds can be effectively counseled and treated. Multicultural psychology is concerned with the intersections of culture and psychology, and with the unique challenges and opportunities that arise when working with clients from diverse backgrounds. It draws on a range of theoretical and research perspectives, including cognitive psychology, social psychology, sociology, anthropology, and critical race theory.","{'page': 724, 'sections': 'vision'}"
35,36,"Diagnostic and Statistical collectivistic culture 402 Cortisol 494 Manual of Mental Disorders color vision 157 Counseling psychology 25 126 comorbid disorders 623 counterconditioning 609 Diagnostic and Statistical comorbidity 543,623 Couples therapy 620 Manual of Mental Disorders Companionate love 435 Creative intelligence 229 (DSM-5) 542 Compliance 422 Creativity 230 diathesis-stress model 547 components of emotion 343 critical or sensitive period 296 diathesis-stress models 567 Compulsions 555 cross-sectional research 47 difference threshold 146 computerized tomography (CT) Crystallized intelligence 228 Diffusion of responsibility 432 scan 95 cues 159 discontinuous 282 Conception 293 cultural competence 623 Discrimination 423,424,424, Concepts 215 cultural display rule 350","Cross-cultural psychology is a field of study that focuses on the psychology of different cultures. It is a challenging field because cultures can differ in many ways, including their beliefs, values, attitudes, behaviors, and attitudes towards mental health. Diagnostic and Statistical Manual of Mental Disorders is a standardized system of diagnosing and treating mental disorders, but it may not be applicable to all cultures. Cross-sectional research, which is a common method of studying cross-cultural psychology, can be limited because it only provides a snapshot of cultural differences at one point in time. Additionally, cultural display rules, which are rules for displaying emotions and behaviors in a particular culture, can make it difficult to interpret cross-cultural data. Finally, mental health stigma and discrimination can also pose challenges for cross-cultural psychology research.","{'page': 727, 'sections': 'vision'}"
36,37,"a period of time stress process whereby an individual perceives and responds to events that one appraises as overwhelming or threatening to one’s well-being stressors environmental events that may be judged as threatening or demanding; stimuli that initiate the stress process Type A psychological and behavior pattern exhibited by individuals who tend to be extremely competitive, impatient, rushed, and hostile toward others Type B psychological and behavior pattern exhibited by a person who is relaxed and laid back Summary 14.1What Is Stress? Stress is a process whereby an individual perceives and responds to events appraised as overwhelming or threatening to one’s well-being. The scientific study of how stress and emotional factors impact health and well-being is called health psychology,","Stress in psychology refers to a period of time where an individual perceives and responds to events that they appraise as overwhelming or threatening to their well-being. This can be caused by stressors, which are environmental events that may be judged as threatening or demanding, and can initiate the stress process. There are two main psychological and behavior patterns that can cause stress: Type A and Type B. Type A individuals tend to be extremely competitive, impatient, rushed, and hostile toward others, while Type B individuals are relaxed and laid back. The scientific study of how stress and emotional factors impact health and well-being is called health psychology.","{'page': 523, 'sections': 'emotion'}"
37,38,"stage of psychosexual development is a period known as thelatency period(6 years to puberty). This period is not considered a stage, because sexual feelings are dormant as children focus on other pursuits, such as school, friendships, hobbies, and sports. Children generally engage in activities with peers of the same sex, which serves to consolidate a child’s gender-role identity.","The stages of psychosexual development are oral, anal, phallic, latency, and genital. The latency period is from 6 years to puberty.","{'page': 360, 'sections': 'emotion'}"
38,39,"well-designed research can be improved by the revisions suggested. Peer review also ensures that the research is described clearly enough to allow other scientists toreplicateit, meaning they can repeat the experiment using different samples to determine reliability. Sometimes replications involve additional measures that expand on the original finding. In any case, each replication serves to provide more evidence to support the original research findings. Successful replications of published research make scientists more apt to adopt those findings, while repeated failures tend to cast doubt on the legitimacy of the original article and lead scientists to look elsewhere. For example, it would be a major advancement in the medical field if a published study indicated that taking a new","Replication in psychological research is important for several reasons. Firstly, it allows for the verification of the original findings. If a study's findings can be consistently replicated, it suggests that the results are valid and reliable. This is crucial in ensuring that researchers are making accurate conclusions and that their findings can be trusted. Additionally, replication can help to refine the methods used in the original study, leading to more accurate results. Finally, replication can also help to identify potential flaws or limitations in the original study, which can be addressed in future research. Overall, replication is an essential part of the scientific process, and it plays a critical role in advancing our understanding of psychological phenomena.","{'page': 50, 'sections': 'analyzing findings'}"
39,40,16.2 • Types of Treatment 607 Various Psychotherapy Techniques Type Description Example Talk therapy based on belief that the Psychodynamic unconscious and childhood conflicts impact Patient talks about their past psychotherapy behavior Psychoanalytical therapy wherein interaction Patient (child) acts out family scenes with Play therapy with toys is used instead of talk; used in child dolls therapy Patient learns to overcome fear of elevators Behavior Principles of learning applied to change through several stages of relaxation therapy undesirable behaviors techniques Cognitive Awareness of cognitive process helps patients Patient learns not to overgeneralize failure therapy eliminate thought patterns that lead to distress based on single failure Cognitive- Work to change cognitive,16.2 • Types of Treatment 607 Various Psychotherapy Techniques,"{'page': 600, 'sections': 'learning'}"
40,41,"3.2 • Cells of the Nervous System 83 Neurotransmitters and Drugs There are several different types ofneurotransmittersreleased by different neurons, and we can speak in broad terms about the kinds of functions associated with different neurotransmitters (Table 3.1). Much of what psychologists know about the functions of neurotransmitters comes from research on the effects of drugs in psychological disorders. Psychologists who take abiological perspectiveand focus on the physiological causes of behavior assert that psychological disorders like depression and schizophrenia are associated with imbalances in one or more neurotransmitter systems. In this perspective, psychotropic medications can help improve the symptoms associated with these disorders.Psychotropic medicationsare drugs that","The role of neurotransmitters in mental health is that they are associated with imbalances in one or more neurotransmitter systems, which may cause psychological disorders such as depression and schizophrenia. Psychotropic medications can help improve the symptoms associated with these disorders by affecting neurotransmitter systems.","{'page': 76, 'sections': 'cells of the nervous system'}"
41,42,"13 • Summary 481 Summary 13.1What Is Industrial and Organizational Psychology? The field of I-O psychology had its birth in industrial psychology and the use of psychological concepts to aid in personnel selection. However, with research such as the Hawthorne study, it was found that productivity was affected more by human interaction and not physical factors; the field of industrial psychology expanded to include organizational psychology. Both WWI and WWII had a strong influence on the development of an expansion of industrial psychology in the United States and elsewhere: The tasks the psychologists were assigned led to development of tests and research in how the psychological concepts could assist industry and other areas. This movement aided in expanding industrial psychology to",Major themes in industrial-organizational psychology include the use of psychological concepts to aid in personnel selection and the study of how human interaction affects productivity.,"{'page': 474, 'sections': 'language'}"
42,43,"12.2 • Self-presentation 407 Social Norms As discussed previously, social roles are defined by a culture’s shared knowledge of what is expected behavior of an individual in a specific role. This shared knowledge comes from social norms. Asocial normis a group’s expectation of what is appropriate and acceptable behavior for its members—how they are supposed to behave and think (Deutsch & Gerard, 1955; Berkowitz, 2004). How are we expected to act? What are we expected to talk about? What are we expected to wear? In our discussion of social roles we noted that colleges have social norms for students’ behavior in the role of student and workplaces have social norms for employees’ behaviors in the role of employee. Social norms are everywhere including in families, gangs, and on social media","Social norms, as defined, are a group's expectation of what is appropriate and acceptable behavior for its members. These expectations dictate how individuals in a group are supposed to behave and think. Social norms play a significant role in behavior, influencing how individuals perceive, interpret, and respond to the world around them. They help to shape our beliefs, attitudes, and values, and often act as a guide to what is considered appropriate or desirable behavior in a given context.","{'page': 400, 'sections': 'lifespan development'}"
43,44,"of self TABLE12.2 12.5Prejudice and Discrimination LEARNING OBJECTIVES By the end of this section, you will be able to: • Define and distinguish among prejudice, stereotypes, and discrimination • Provide examples of prejudice, stereotypes, and discrimination • Explain why prejudice and discrimination exist Human conflict can result in crime, war, and mass murder, such as genocide. Prejudice and discrimination often are root causes of human conflict, which explains how strangers come to hate one another to the extreme of causing others harm. Prejudice and discrimination affect everyone. In this section we will examine the definitions of prejudice and discrimination, examples of these concepts, and causes of these biases. FIGURE12.21Prejudice and discrimination occur across the globe. (a) A","Prejudice is an irrational hatred or dislike of a particular individual or group. Discrimination, on the other hand, is the unfair treatment of an individual or group based on a characteristic such as race, gender, or religion. It occurs when the prejudice is acted upon and results in unequal treatment or unequal opportunity. Discrimination can take many forms, including verbal, nonverbal, and institutional.","{'page': 415, 'sections': 'learning'}"
44,45,"2.1 • Why Is Research Important? 37 Use of Research Information Trying to determine which theories are and are not accepted by the scientific community can be difficult, especially in an area of research as broad as psychology. More than ever before, we have an incredible amount of information at our fingertips, and a simple internet search on any given research topic might result in a number of contradictory studies. In these cases, we are witnessing the scientific community going through the process of reaching a consensus, and it could be quite some time before a consensus emerges. For example, the explosion in our use of technology has led researchers to question whether this ultimately helps or hinders us. The use and implementation of technology in educational settings has become",I don't know. The provided context does not mention any research on the Brown v. Board of Education case.,"{'page': 30, 'sections': 'why is research important?'}"
45,46,"will better serve people of all backgrounds (Women and Minorities in Psychology, n.d.). The Process of Scientific Research Scientific knowledge is advanced through a process known as thescientific method. Basically, ideas (in the form of theories and hypotheses) are tested against the real world (in the form of empirical observations), and those empirical observations lead to more ideas that are tested against the real world, and so on. In this sense, the scientific process is circular. The types of reasoning within the circle are called deductive and inductive. In deductive reasoning, ideas are tested in the real world; ininductive reasoning, real-world observations lead to new ideas (Figure 2.4). These processes are inseparable, like inhaling and exhaling, but different research","The scientific process of hypothesis testing is a systematic approach to testing a hypothesis or a claim about the relationship between variables. It involves the following steps: 1. Formulating a hypothesis or a claim, 2. Collecting data through experiments or surveys, 3. Analyzing the data, 4. Drawing conclusions based on the data, and 5. Reporting the results. The hypothesis is typically tested through the use of statistical methods to determine whether the evidence supports or rejects the hypothesis. This process is inductive in nature, as new ideas are generated from the real-world observations. The deductive process involves using the hypothesis to make predictions about the real world and then testing those predictions against the real world. These processes are inseparable, like inhaling and exhaling, but different research methods may use one process over the other depending on the research question and the type of data being collected.","{'page': 32, 'sections': 'why is research important?'}"
46,47,"methodfor acquiring knowledge is one based on observation, including experimentation, rather than a method based only on forms of logical argument or previous authorities. It was not until the late 1800s that psychology became accepted as its own academic discipline. Before this time, the workings of the mind were considered under the auspices of philosophy. Given that any behavior is, at its roots, biological, some areas of psychology take on aspects of a natural science like biology. No biological organism exists in isolation, and our behavior is influenced by our interactions with others. Therefore, psychology is also a social science. WHY STUDY PSYCHOLOGY? Often, students take their first psychology course because they are interested in helping others and want to learn more about","Psychology has many applications in education. For example, it can be used to understand and improve student motivation, to develop effective teaching methods, and to assess student learning. Additionally, psychology can help educators address issues such as classroom behavior, bullying, and learning disabilities. It can also inform the design of educational programs and policies, and the development of special education services. Overall, psychology can be a valuable tool in helping educators create a positive and effective learning environment for all students.","{'page': 1, 'sections': 'what is psychology?'}"
47,48,"15.7 • Mood and Related Disorders 561 depression, but also mania and elation (Rothschild, 1999). All of us experience fluctuations in our moods and emotional states, and often these fluctuations are caused by events in our lives. We become elated if our favorite team wins the World Series and dejected if a romantic relationship ends or if we lose our job. At times, we feel fantastic or miserable for no clear reason. People with mood disorders also experience mood fluctuations, but their fluctuations are extreme, distort their outlook on life, and impair their ability to function. FIGURE15.15Mood disorders are characterized by massive disruptions in mood. Symptoms can range from the extreme sadness and hopelessness of depression to the extreme elation and irritability of mania. (credit:","Mood disorders and personality disorders are two different types of mental health conditions. Mood disorders are characterized by massive disruptions in mood that impair a person's ability to function. Examples of mood disorders include depression and mania. Personality disorders, on the other hand, are characterized by an enduring pattern of behavior, thinking, and feeling that is inflexible and causes significant distress or impairment in social, occupational, or other important areas of functioning. Examples of personality disorders include borderline personality disorder, antisocial personality disorder, and narcissistic personality disorder. While mood disorders can cause emotional distress, they are typically short-lived and treatable with medication or therapy. Personality disorders, however, are long-lasting and often resistant to treatment.","{'page': 554, 'sections': 'language'}"
48,49,"in Korea and another in Honduras and have employees in the United States, China, and South Africa. You may have coworkers of different religious, ethnic, or racial backgrounds than yourself. Your coworkers may be from different places around the globe. Many workplaces offer diversity training to help everyone involved bridge and understand cultural differences.Diversity trainingeducates participants about cultural differences with the goal of improving teamwork. There is always the potential for prejudice between members of two groups, but the evidence suggests that simply working together, particularly if the conditions of work are set carefully that such prejudice can be reduced or eliminated. Pettigrew and Tropp (2006) conducted a meta-analysis to examine the question of whether","The evidence suggests that cultural diversity can have a positive impact on psychological research. Working together, particularly if the conditions of work are set carefully, can reduce or eliminate prejudice between members of two groups. Diversity training can also educate participants about cultural differences with the goal of improving teamwork. Therefore, cultural diversity can bring a more comprehensive understanding of human behavior and experiences, which can lead to more accurate and relevant research findings.","{'page': 467, 'sections': 'vision'}"
49,50,"1.2 • History of Psychology 9 An education in psychology is valuable for a number of reasons. Psychology students hone critical thinking skills and are trained in the use of the scientific method. Critical thinking is the active application of a set of skills to information for the understanding and evaluation of that information. The evaluation of information—assessing its reliability and usefulness— is an important skill in a world full of competing “facts,” many of which are designed to be misleading. For example, critical thinking involves maintaining an attitude of skepticism, recognizing internal biases, making use of logical thinking, asking appropriate questions, and making observations. Psychology students also can develop better communication skills during the course of their","The role of critical thinking in psychology is to hone and develop skills that are valuable in the field, such as understanding and evaluating information, maintaining an attitude of skepticism, recognizing internal biases, making use of logical thinking, asking appropriate questions, and making observations. Additionally, psychology students can develop better communication skills during the course of their studies.","{'page': 2, 'sections': 'history of psychology'}"
